{
  "_format": "hh-sol-cache-2",
  "files": {
    "C:\\Users\\Inderjeet Singh\\thirdwebcontract\\contracts\\Contract.sol": {
      "lastModificationDate": 1715237482464,
      "contentHash": "550cba94a4358bd717f9c754e9866462",
      "sourceName": "contracts/Contract.sol",
      "solcConfig": {
        "version": "0.8.17",
        "settings": {
          "optimizer": {
            "enabled": true,
            "runs": 200
          },
          "outputSelection": {
            "*": {
              "*": [
                "abi",
                "evm.bytecode",
                "evm.deployedBytecode",
                "evm.methodIdentifiers",
                "metadata"
              ],
              "": [
                "ast"
              ]
            }
          }
        },
        "zksolc": {
          "version": "1.3.9",
          "compilerSource": "binary",
          "settings": {
            "optimizer": {
              "enabled": true,
              "mode": "3"
            },
            "compilerPath": "",
            "experimental": {}
          }
        }
      },
      "imports": [],
      "versionPragmas": [
        "^0.8.9"
      ],
      "artifacts": [
        "MyContract"
      ]
    }
  }
}
